{
  "showTitle": true,
  "showBasemap": false,
  "showLegend": true,
  "expandAllLayersByDefault": false,
  "contextMenu": {
    "ZoomTo": true,
    "Transparency": true,
    "SetVisibilityRange": true,
    "EnableOrDisablePopup": true,
    "ControlLabels": false,
    "MoveupOrMovedown": false,
    "OpenAttributeTable": false,
    "DescriptionOrShowItemDetailsOrDownload": false
  },
  "layerOptions": {
    "Limites_Préfectures_6022_4599": {
      "display": true
    },
    "Limites_Préfectures_6022_3907": {
      "display": true
    },
    "Limites_Préfectures_6022": {
      "display": true
    }
  }
}
